Date,Kind,Model,Max Mode,Input (w/ Cache Write),Input (w/o Cache Write),Cache Read,Output Tokens,Total Tokens,Cost
2026-05-25T08:01:05.229Z,USAGE,claude-4-sonnet,No,0,2099,0,3227,5326,$0.02
2026-05-25T09:01:47.288Z,USAGE,claude-4-sonnet,No,1064,7780,0,3020,11864,$0.11
2026-05-25T09:22:54.360Z,USAGE,gpt-4o,No,0,1470,4040,3131,8641,$0.18
2026-05-25T09:38:40.179Z,USAGE,composer-1,No,0,3265,2266,2167,7698,$0.16
2026-05-25T09:43:47.935Z,Included,claude-4-sonnet,No,0,6788,0,2522,9310,Included
2026-05-25T10:44:27.356Z,Included,claude-4-sonnet,No,0,4832,0,127,4959,Included
2026-05-25T11:14:08.772Z,USAGE,claude-4-sonnet,No,0,6596,0,536,7132,$0.10
2026-05-25T11:32:38.027Z,USAGE,gpt-4o,No,0,2457,0,3200,5657,$0.06
2026-05-25T11:49:18.083Z,USAGE,claude-4-sonnet,No,0,4458,0,706,5164,$0.12
2026-05-25T12:09:13.800Z,USAGE,gpt-4o,No,0,304,0,2081,2385,$0.01
2026-05-25T13:06:05.398Z,Included,claude-4-sonnet,No,0,2261,9295,402,11958,Included
2026-05-25T13:13:42.279Z,Included,gpt-4o,Yes,0,6573,10809,2026,19408,Included
2026-05-25T14:05:35.307Z,USAGE,claude-4-sonnet,No,0,2035,0,3173,5208,$0.07
2026-05-25T14:17:29.666Z,USAGE,claude-4-sonnet,No,0,7669,1982,1095,10746,$0.08
2026-05-25T15:37:17.848Z,Included,claude-4-sonnet,No,0,358,10339,321,11018,Included
2026-05-25T16:05:37.442Z,USAGE,cursor-small,No,1174,2581,0,957,4712,$0.18
2026-05-25T16:12:45.681Z,Included,cursor-small,No,0,6727,6669,859,14255,Included
2026-05-25T16:46:15.171Z,Included,composer-1,No,0,7376,0,2838,10214,Included
2026-05-25T17:16:51.045Z,USAGE,gpt-4o,Yes,0,6858,0,1098,7956,$0.07
2026-05-25T19:04:02.693Z,USAGE,gpt-4o,No,1223,7463,0,1895,10581,$0.18
2026-05-25T19:29:34.130Z,Included,composer-1,No,582,7888,0,1048,9518,Included
2026-05-25T19:34:26.231Z,USAGE,gpt-4o,No,0,780,35,1679,2494,$0.09
2026-05-25T19:59:43.679Z,USAGE,composer-1,No,0,6284,0,2356,8640,$0.16
2026-05-25T21:00:48.844Z,USAGE,claude-4-sonnet,No,0,4741,5138,314,10193,$0.02
2026-05-25T21:14:55.105Z,USAGE,gpt-4o,No,2280,956,0,360,3596,$0.03
2026-05-25T21:23:10.388Z,USAGE,claude-4-sonnet,No,0,2316,0,242,2558,$0.03
2026-05-25T21:23:36.201Z,USAGE,gpt-4o,No,0,1973,0,1366,3339,$0.08
2026-05-25T21:40:39.928Z,USAGE,claude-4-sonnet,No,0,7910,0,377,8287,$0.01
2026-05-26T08:05:40.444Z,USAGE,cursor-small,Yes,0,5887,1684,1528,9099,$0.18
2026-05-26T08:07:04.990Z,USAGE,gpt-4o,No,1169,7382,2900,1768,13219,$0.01
2026-05-26T08:19:23.942Z,USAGE,cursor-small,No,0,5787,0,3400,9187,$0.08
2026-05-26T08:53:23.610Z,USAGE,composer-1,No,0,7333,3269,3424,14026,$0.15
2026-05-26T09:56:15.387Z,USAGE,composer-1,No,2903,1882,4564,364,9713,$0.09
2026-05-26T10:59:22.923Z,USAGE,gpt-4o,No,0,3012,0,552,3564,$0.09
2026-05-26T12:07:56.112Z,USAGE,cursor-small,No,1979,3131,0,1364,6474,$0.14
2026-05-26T12:10:28.874Z,USAGE,gpt-4o,No,0,2386,7144,86,9616,$0.17
2026-05-26T12:10:47.463Z,USAGE,gpt-4o,No,0,5793,7066,366,13225,$0.11
2026-05-26T12:38:13.752Z,USAGE,composer-1,No,0,4454,6691,1416,12561,$0.13
2026-05-26T12:57:58.887Z,USAGE,gpt-4o,No,0,3405,0,792,4197,$0.10
2026-05-26T13:13:43.665Z,USAGE,composer-1,No,3418,5051,0,1399,9868,$0.15
2026-05-26T13:49:08.668Z,USAGE,composer-1,No,0,6821,0,2778,9599,$0.03
2026-05-26T16:09:27.133Z,USAGE,composer-1,No,3276,2224,0,1000,6500,$0.07
2026-05-26T16:13:32.278Z,Included,claude-4-sonnet,No,0,6595,6790,2659,16044,Included
2026-05-26T16:45:19.641Z,USAGE,composer-1,No,0,1508,0,102,1610,$0.04
2026-05-26T16:45:27.588Z,USAGE,claude-4-sonnet,No,0,4105,4082,577,8764,$0.15
2026-05-26T17:36:06.076Z,Included,gpt-4o,No,0,2899,0,1892,4791,Included
2026-05-26T18:06:56.140Z,USAGE,composer-1,No,0,4788,2607,3126,10521,$0.16
2026-05-26T18:52:35.313Z,USAGE,composer-1,No,3385,4570,3919,1204,13078,$0.15
2026-05-26T19:35:09.285Z,Included,claude-4-sonnet,No,2412,960,3788,1648,8808,Included
2026-05-26T19:57:09.572Z,USAGE,composer-1,Yes,0,4745,1020,927,6692,$0.14
2026-05-26T20:41:33.008Z,USAGE,composer-1,No,3807,6571,0,2033,12411,$0.01
2026-05-26T21:16:32.512Z,USAGE,claude-4-sonnet,No,0,7146,8947,3356,19449,$0.08
2026-05-26T21:17:02.003Z,USAGE,claude-4-sonnet,No,0,5779,0,1736,7515,$0.06
2026-05-27T08:48:01.995Z,USAGE,gpt-4o,No,0,4066,0,1863,5929,$0.06
2026-05-27T08:54:26.862Z,USAGE,cursor-small,No,0,4708,0,1984,6692,$0.14
2026-05-27T09:30:01.785Z,USAGE,gpt-4o,No,554,2584,0,1078,4216,$0.15
2026-05-27T09:32:41.357Z,USAGE,composer-1,No,0,2962,3475,1533,7970,$0.09
2026-05-27T09:37:01.974Z,USAGE,cursor-small,No,241,4532,0,430,5203,$0.08
2026-05-27T09:37:44.870Z,USAGE,gpt-4o,No,0,5591,0,1915,7506,$0.01
2026-05-27T09:41:27.142Z,Included,claude-4-sonnet,No,2582,3323,8698,1488,16091,Included
2026-05-27T11:12:53.021Z,USAGE,composer-1,No,0,2519,3777,574,6870,$0.07
2026-05-27T11:29:44.268Z,USAGE,composer-1,No,0,1869,7933,1212,11014,$0.17
2026-05-27T12:24:20.221Z,USAGE,cursor-small,No,1678,1769,11600,2267,17314,$0.05
2026-05-27T12:36:43.952Z,USAGE,cursor-small,No,0,1334,0,3163,4497,$0.16
2026-05-27T14:17:48.997Z,Included,claude-4-sonnet,No,0,3091,841,1114,5046,Included
2026-05-27T14:25:45.207Z,USAGE,gpt-4o,No,0,906,0,2891,3797,$0.02
2026-05-27T15:20:21.798Z,USAGE,composer-1,No,1216,1270,0,1784,4270,$0.08
2026-05-27T15:42:07.591Z,USAGE,claude-4-sonnet,No,2610,3812,10174,326,16922,$0.04
2026-05-27T15:58:08.652Z,USAGE,claude-4-sonnet,No,0,1586,9043,387,11016,$0.06
2026-05-27T16:01:58.413Z,Included,gpt-4o,No,1148,2660,0,2959,6767,Included
2026-05-27T16:03:22.235Z,USAGE,claude-4-sonnet,No,3440,5420,0,3372,12232,$0.07
2026-05-27T16:27:42.388Z,USAGE,gpt-4o,No,0,7071,977,759,8807,$0.10
2026-05-27T17:09:15.132Z,USAGE,composer-1,No,0,4139,0,2946,7085,$0.13
2026-05-27T17:36:42.028Z,USAGE,gpt-4o,No,363,7586,5280,2552,15781,$0.09
2026-05-27T17:47:45.120Z,Included,claude-4-sonnet,No,0,5109,0,3212,8321,Included
2026-05-27T17:50:02.364Z,USAGE,claude-4-sonnet,Yes,0,4154,7245,1219,12618,$0.06
2026-05-27T17:51:07.834Z,USAGE,gpt-4o,No,0,4150,5460,1395,11005,$0.04
2026-05-27T18:04:49.683Z,USAGE,claude-4-sonnet,No,1840,6964,0,230,9034,$0.15
2026-05-27T18:15:06.731Z,Included,claude-4-sonnet,No,0,7385,18,2773,10176,Included
2026-05-27T20:19:54.717Z,USAGE,gpt-4o,Yes,0,5400,0,2641,8041,$0.15
2026-05-27T20:23:10.635Z,USAGE,claude-4-sonnet,No,0,3889,0,2065,5954,$0.04
2026-05-27T20:52:10.326Z,Included,gpt-4o,No,0,2845,0,2342,5187,Included
2026-05-27T21:26:16.875Z,USAGE,claude-4-sonnet,No,681,5606,0,2121,8408,$0.10
2026-05-27T21:29:11.052Z,USAGE,claude-4-sonnet,No,0,2296,2369,1651,6316,$0.07
2026-05-28T10:28:34.507Z,Included,claude-4-sonnet,No,1528,6822,5873,1615,15838,Included
2026-05-28T10:55:04.289Z,USAGE,claude-4-sonnet,No,0,1775,1293,2576,5644,$0.13
2026-05-28T11:36:24.244Z,USAGE,claude-4-sonnet,No,2088,5525,4183,2811,14607,$0.01
2026-05-28T12:52:00.296Z,USAGE,gpt-4o,No,0,905,5661,2486,9052,$0.10
2026-05-28T13:21:35.799Z,USAGE,gpt-4o,No,0,1931,0,2059,3990,$0.04
2026-05-28T13:47:30.739Z,USAGE,gpt-4o,No,0,2718,10784,1701,15203,$0.09
2026-05-28T13:55:12.731Z,Included,cursor-small,No,0,7759,0,2114,9873,Included
2026-05-28T13:59:50.532Z,USAGE,cursor-small,No,3484,3186,3115,2623,12408,$0.09
2026-05-28T15:02:08.526Z,USAGE,composer-1,No,0,5446,10280,2727,18453,$0.02
2026-05-28T15:55:34.037Z,USAGE,gpt-4o,No,0,1038,0,1418,2456,$0.14
2026-05-28T16:24:29.978Z,USAGE,claude-4-sonnet,No,0,4648,4465,3481,12594,$0.06
2026-05-28T16:58:29.016Z,USAGE,composer-1,No,0,6415,0,3374,9789,$0.04
2026-05-28T17:04:15.661Z,USAGE,claude-4-sonnet,No,2970,6232,0,1707,10909,$0.18
2026-05-28T17:21:55.105Z,USAGE,composer-1,Yes,0,4025,11015,1153,16193,$0.13
2026-05-28T17:32:47.922Z,USAGE,cursor-small,No,302,5375,0,2379,8056,$0.11
2026-05-28T17:42:31.907Z,USAGE,claude-4-sonnet,Yes,0,7749,0,2739,10488,$0.14
2026-05-28T18:09:04.492Z,Included,claude-4-sonnet,Yes,0,1251,8807,635,10693,Included
2026-05-28T18:45:56.796Z,USAGE,claude-4-sonnet,No,0,4725,11904,712,17341,$0.14
2026-05-28T18:58:18.238Z,USAGE,composer-1,No,0,2591,6070,969,9630,$0.15
2026-05-28T19:05:27.103Z,USAGE,claude-4-sonnet,No,0,3309,10564,1549,15422,$0.02
2026-05-28T19:09:26.913Z,USAGE,claude-4-sonnet,No,0,4025,3475,2708,10208,$0.01
2026-05-28T19:19:53.615Z,Included,claude-4-sonnet,No,0,1981,9080,928,11989,Included
2026-05-28T19:25:41.084Z,USAGE,composer-1,No,0,6760,0,91,6851,$0.09
2026-05-28T20:16:21.653Z,USAGE,claude-4-sonnet,No,914,1200,0,185,2299,$0.05
2026-05-28T20:24:24.695Z,Included,composer-1,No,913,2473,6897,2234,12517,Included
2026-05-28T20:40:45.914Z,Included,claude-4-sonnet,No,0,5163,8254,987,14404,Included
2026-05-28T20:50:54.435Z,USAGE,claude-4-sonnet,No,0,4571,10540,207,15318,$0.02
2026-05-28T20:52:41.159Z,USAGE,composer-1,No,3117,7752,1323,1399,13591,$0.05
2026-05-28T21:21:54.707Z,Included,claude-4-sonnet,No,0,2963,9787,2253,15003,Included
2026-05-28T21:34:24.332Z,USAGE,gpt-4o,No,0,1237,0,2746,3983,$0.18
2026-05-28T21:49:26.045Z,USAGE,claude-4-sonnet,No,1588,7078,6815,3068,18549,$0.04
2026-05-28T21:54:28.104Z,USAGE,claude-4-sonnet,No,0,5926,0,354,6280,$0.03
2026-05-29T08:11:55.150Z,USAGE,claude-4-sonnet,No,2979,5158,10930,1343,20410,$0.02
2026-05-29T08:38:59.689Z,USAGE,cursor-small,Yes,1065,6586,4186,1265,13102,$0.11
2026-05-29T09:05:27.101Z,Included,gpt-4o,No,2381,6064,9154,3493,21092,Included
2026-05-29T09:26:22.916Z,USAGE,claude-4-sonnet,No,0,3873,1275,1362,6510,$0.14
2026-05-29T09:47:33.225Z,USAGE,composer-1,No,285,2960,10127,1964,15336,$0.12
2026-05-29T09:48:17.601Z,Included,composer-1,No,0,4592,5083,3134,12809,Included
2026-05-29T09:56:03.163Z,USAGE,claude-4-sonnet,No,0,1234,3176,3259,7669,$0.12
2026-05-29T10:17:44.799Z,USAGE,cursor-small,No,621,1499,2842,2547,7509,$0.05
2026-05-29T10:23:19.756Z,USAGE,composer-1,No,0,4347,9236,3192,16775,$0.15
2026-05-29T10:35:03.614Z,USAGE,cursor-small,No,0,2947,0,2649,5596,$0.11
2026-05-29T10:47:40.032Z,USAGE,claude-4-sonnet,No,1325,5144,8312,383,15164,$0.10
2026-05-29T10:48:39.052Z,USAGE,claude-4-sonnet,No,2840,7379,0,449,10668,$0.17
2026-05-29T11:51:27.886Z,USAGE,gpt-4o,No,0,636,9366,2749,12751,$0.07
2026-05-29T12:22:06.605Z,USAGE,gpt-4o,No,623,6943,0,1486,9052,$0.03
2026-05-29T12:58:21.368Z,USAGE,claude-4-sonnet,No,0,3899,9991,730,14620,$0.12
2026-05-29T13:49:36.625Z,USAGE,claude-4-sonnet,No,2648,728,0,2731,6107,$0.11
2026-05-29T13:54:35.385Z,Included,claude-4-sonnet,No,3164,7276,0,2548,12988,Included
2026-05-29T14:26:29.357Z,USAGE,claude-4-sonnet,No,1632,2841,0,2940,7413,$0.13
2026-05-29T15:14:54.113Z,Included,composer-1,No,0,5571,0,3410,8981,Included
2026-05-29T15:26:17.226Z,Included,composer-1,No,0,7774,10584,2826,21184,Included
2026-05-29T16:13:09.688Z,USAGE,claude-4-sonnet,No,1077,3099,0,2071,6247,$0.07
2026-05-29T16:35:21.702Z,USAGE,claude-4-sonnet,Yes,0,1128,8843,3500,13471,$0.17
2026-05-29T16:49:52.651Z,Included,claude-4-sonnet,No,1743,1563,11351,3238,17895,Included
2026-05-29T17:42:25.072Z,USAGE,cursor-small,No,1692,5840,0,1899,9431,$0.10
2026-05-29T17:43:41.583Z,USAGE,composer-1,No,3512,6725,3178,1586,15001,$0.15
2026-05-29T18:05:17.464Z,USAGE,claude-4-sonnet,No,0,1627,0,3361,4988,$0.05
2026-05-29T18:27:31.636Z,USAGE,claude-4-sonnet,No,0,7953,8452,590,16995,$0.10
2026-05-29T18:48:27.910Z,Included,claude-4-sonnet,No,0,7107,3637,3425,14169,Included
2026-05-29T19:03:18.629Z,USAGE,claude-4-sonnet,Yes,2256,3363,1337,1615,8571,$0.08
2026-05-29T19:47:23.851Z,Included,cursor-small,No,0,6782,627,1255,8664,Included
2026-05-29T21:44:17.030Z,USAGE,gpt-4o,No,0,4142,86,404,4632,$0.01
2026-05-30T09:49:18.249Z,USAGE,gpt-4o,Yes,0,2281,0,1273,3554,$0.14
2026-05-30T11:53:09.575Z,Included,claude-4-sonnet,No,2937,1001,5908,357,10203,Included
2026-05-30T12:07:03.250Z,USAGE,gpt-4o,No,0,466,7702,258,8426,$0.13
2026-05-30T14:40:50.653Z,USAGE,claude-4-sonnet,Yes,0,3124,10765,2653,16542,$0.04
2026-05-30T15:04:07.877Z,USAGE,composer-1,No,2436,3073,0,797,6306,$0.15
2026-05-30T19:38:33.443Z,USAGE,gpt-4o,No,3132,6658,0,231,10021,$0.10
2026-05-31T08:20:59.325Z,USAGE,claude-4-sonnet,No,3474,3314,6553,3124,16465,$0.15
2026-05-31T08:50:12.928Z,USAGE,claude-4-sonnet,No,0,4375,8507,1172,14054,$0.03
2026-05-31T15:16:02.789Z,USAGE,claude-4-sonnet,No,0,4768,1680,407,6855,$0.11
2026-05-31T16:25:52.569Z,USAGE,claude-4-sonnet,No,0,5950,7325,253,13528,$0.12
2026-05-31T18:12:18.374Z,USAGE,gpt-4o,No,0,769,10445,1743,12957,$0.12
2026-06-01T08:09:54.637Z,USAGE,claude-4-sonnet,No,0,5313,0,349,5662,$0.10
2026-06-01T09:01:47.195Z,USAGE,composer-1,No,0,3654,0,382,4036,$0.05
2026-06-01T10:04:15.816Z,USAGE,gpt-4o,No,0,3122,9032,2700,14854,$0.06
2026-06-01T10:33:23.417Z,USAGE,claude-4-sonnet,No,0,7110,2507,1325,10942,$0.06
2026-06-01T11:50:08.248Z,USAGE,cursor-small,No,0,4550,0,403,4953,$0.09
2026-06-01T12:45:28.224Z,USAGE,cursor-small,No,0,5333,8234,2705,16272,$0.06
2026-06-01T13:32:14.127Z,USAGE,gpt-4o,No,0,7689,0,2388,10077,$0.02
2026-06-01T13:41:17.261Z,USAGE,claude-4-sonnet,Yes,0,5024,3453,3221,11698,$0.14
2026-06-01T13:45:04.576Z,USAGE,claude-4-sonnet,No,0,5558,0,2058,7616,$0.08
2026-06-01T15:12:07.142Z,USAGE,composer-1,No,445,1594,7933,1982,11954,$0.07
2026-06-01T15:33:24.957Z,USAGE,claude-4-sonnet,No,3725,3129,0,615,7469,$0.12
2026-06-01T15:48:04.601Z,USAGE,claude-4-sonnet,No,2041,2330,829,1268,6468,$0.13
2026-06-01T16:07:16.812Z,USAGE,gpt-4o,No,0,6964,9464,3033,19461,$0.11
2026-06-01T16:18:57.314Z,USAGE,claude-4-sonnet,No,0,7501,379,448,8328,$0.13
2026-06-01T17:02:38.160Z,USAGE,cursor-small,No,0,714,9789,2759,13262,$0.16
2026-06-01T17:18:44.960Z,USAGE,claude-4-sonnet,No,1283,6259,6606,1578,15726,$0.02
2026-06-01T18:23:23.401Z,USAGE,gpt-4o,No,0,902,7378,3210,11490,$0.18
2026-06-01T18:28:23.390Z,USAGE,cursor-small,No,596,3526,5555,2364,12041,$0.12
2026-06-01T18:50:28.036Z,USAGE,claude-4-sonnet,No,0,671,11691,1444,13806,$0.16
2026-06-01T18:54:20.700Z,USAGE,claude-4-sonnet,No,2711,2909,10100,3108,18828,$0.10
2026-06-01T19:28:05.849Z,USAGE,gpt-4o,No,0,4911,272,1588,6771,$0.11
2026-06-01T19:40:11.832Z,USAGE,cursor-small,No,0,6241,0,2657,8898,$0.01
2026-06-01T20:31:01.378Z,USAGE,claude-4-sonnet,No,0,5038,0,3034,8072,$0.02
2026-06-01T20:47:43.167Z,USAGE,claude-4-sonnet,No,0,7190,11153,1072,19415,$0.02
2026-06-01T21:04:28.181Z,USAGE,composer-1,No,0,3730,11313,915,15958,$0.14
2026-06-01T21:10:45.744Z,USAGE,gpt-4o,No,0,6258,2262,2204,10724,$0.07
2026-06-02T08:06:26.346Z,USAGE,claude-4-sonnet,No,0,4196,3267,3176,10639,$0.10
2026-06-02T11:03:42.949Z,USAGE,gpt-4o,No,2551,2202,11847,232,16832,$0.06
2026-06-02T11:17:35.312Z,USAGE,composer-1,No,3625,3552,0,843,8020,$0.10
2026-06-02T11:19:49.303Z,USAGE,claude-4-sonnet,No,1572,2631,10507,2305,17015,$0.17
2026-06-02T12:39:30.201Z,USAGE,cursor-small,No,0,1879,0,1434,3313,$0.06
2026-06-02T12:45:05.363Z,USAGE,gpt-4o,No,1580,6777,11049,3181,22587,$0.07
2026-06-02T13:42:30.551Z,USAGE,cursor-small,No,0,4521,6567,2821,13909,$0.04
2026-06-02T14:20:11.481Z,USAGE,claude-4-sonnet,No,1268,3442,4374,1430,10514,$0.10
2026-06-02T14:52:22.810Z,USAGE,gpt-4o,No,0,2235,1936,1986,6157,$0.10
2026-06-02T15:13:12.868Z,USAGE,composer-1,No,0,6606,1923,2696,11225,$0.10
2026-06-02T15:20:30.365Z,USAGE,claude-4-sonnet,No,0,4027,0,2561,6588,$0.12
2026-06-02T15:41:16.783Z,USAGE,gpt-4o,No,0,5740,0,3200,8940,$0.08
2026-06-02T16:14:40.244Z,USAGE,gpt-4o,No,0,4626,0,399,5025,$0.04
2026-06-02T16:17:59.589Z,Included,gpt-4o,No,0,1527,8525,1889,11941,Included
2026-06-02T16:21:34.371Z,Included,claude-4-sonnet,No,2290,3949,0,1937,8176,Included
2026-06-02T16:59:59.834Z,Included,gpt-4o,No,0,5811,0,3042,8853,Included
2026-06-02T17:43:34.398Z,Included,claude-4-sonnet,Yes,499,671,11475,341,12986,Included
2026-06-02T17:47:37.250Z,USAGE,claude-4-sonnet,No,0,4167,6698,817,11682,$0.05
2026-06-02T18:41:51.726Z,USAGE,cursor-small,No,0,7601,6184,1618,15403,$0.03
2026-06-02T18:49:55.755Z,USAGE,composer-1,No,0,3148,8802,1689,13639,$0.17
2026-06-02T19:13:44.739Z,Included,cursor-small,No,0,2744,11781,2310,16835,Included
2026-06-02T19:17:08.114Z,USAGE,claude-4-sonnet,No,0,1570,11878,3215,16663,$0.04
2026-06-02T19:17:18.127Z,Included,composer-1,No,0,7583,3376,355,11314,Included
2026-06-02T19:30:06.714Z,Included,claude-4-sonnet,No,0,698,724,1727,3149,Included
2026-06-02T20:08:00.577Z,USAGE,gpt-4o,No,0,1447,4739,1039,7225,$0.11
2026-06-02T20:09:18.044Z,USAGE,composer-1,No,3789,1473,0,2215,7477,$0.08
2026-06-03T08:17:24.706Z,USAGE,composer-1,No,0,2260,0,3256,5516,$0.10
2026-06-03T09:12:51.798Z,USAGE,gpt-4o,No,2300,7531,1615,3368,14814,$0.16
2026-06-03T09:47:48.502Z,USAGE,claude-4-sonnet,No,387,4908,0,3116,8411,$0.05
2026-06-03T10:24:15.267Z,Included,gpt-4o,No,0,2718,5404,1022,9144,Included
2026-06-03T10:40:43.447Z,USAGE,composer-1,No,0,5910,8005,3043,16958,$0.16
2026-06-03T10:48:34.496Z,USAGE,composer-1,No,2438,4300,8882,2708,18328,$0.02
2026-06-03T11:21:41.082Z,USAGE,composer-1,Yes,0,697,0,1769,2466,$0.05
2026-06-03T11:30:13.911Z,USAGE,claude-4-sonnet,No,2271,4035,10122,2692,19120,$0.16
2026-06-03T11:54:14.315Z,USAGE,claude-4-sonnet,No,0,437,4501,2274,7212,$0.10
2026-06-03T11:59:12.777Z,Included,composer-1,No,0,7752,1578,2227,11557,Included
2026-06-03T12:17:03.583Z,Included,claude-4-sonnet,No,0,2489,0,403,2892,Included
2026-06-03T13:19:58.016Z,USAGE,gpt-4o,No,0,2150,1320,2757,6227,$0.02
2026-06-03T14:09:19.394Z,Included,claude-4-sonnet,No,238,6057,8189,1857,16341,Included
2026-06-03T14:26:35.555Z,USAGE,claude-4-sonnet,No,0,7630,697,1021,9348,$0.07
2026-06-03T15:54:23.096Z,USAGE,composer-1,No,3985,909,0,1228,6122,$0.18
2026-06-03T15:58:03.589Z,USAGE,claude-4-sonnet,No,1048,5108,11677,3442,21275,$0.13
2026-06-03T16:20:44.436Z,USAGE,claude-4-sonnet,No,0,7258,8856,1438,17552,$0.13
2026-06-03T16:31:03.361Z,USAGE,claude-4-sonnet,No,0,4402,0,1496,5898,$0.02
2026-06-03T16:46:53.199Z,Included,claude-4-sonnet,Yes,0,5328,0,1704,7032,Included
2026-06-03T17:38:02.916Z,USAGE,claude-4-sonnet,No,0,3990,5829,2345,12164,$0.13
2026-06-03T17:46:42.585Z,USAGE,composer-1,No,2733,2719,0,3000,8452,$0.03
2026-06-03T17:56:47.955Z,Included,claude-4-sonnet,No,0,6359,5909,516,12784,Included
2026-06-03T18:42:24.823Z,Included,cursor-small,No,0,1137,3070,1845,6052,Included
2026-06-03T21:45:09.844Z,USAGE,gpt-4o,No,1649,4840,9798,3293,19580,$0.11
2026-06-04T09:52:54.834Z,USAGE,claude-4-sonnet,No,0,5069,8300,2913,16282,$0.14
2026-06-04T09:59:36.209Z,USAGE,composer-1,No,0,4698,0,428,5126,$0.04
2026-06-04T10:08:17.315Z,USAGE,composer-1,No,0,662,0,2722,3384,$0.13
2026-06-04T10:27:17.441Z,USAGE,claude-4-sonnet,No,603,2419,8499,2365,13886,$0.08
2026-06-04T10:40:19.253Z,USAGE,claude-4-sonnet,No,0,4399,402,2057,6858,$0.04
2026-06-04T11:20:24.293Z,USAGE,cursor-small,No,0,6281,5110,1485,12876,$0.15
2026-06-04T11:29:06.142Z,USAGE,gpt-4o,No,3157,6007,1100,1309,11573,$0.02
2026-06-04T12:00:25.348Z,USAGE,claude-4-sonnet,No,0,5847,0,3113,8960,$0.08
2026-06-04T12:30:50.080Z,USAGE,gpt-4o,No,0,4085,6636,2659,13380,$0.06
2026-06-04T12:31:09.066Z,USAGE,composer-1,No,0,7534,9702,1839,19075,$0.13
2026-06-04T12:42:09.749Z,Included,claude-4-sonnet,No,0,6820,1667,3354,11841,Included
2026-06-04T13:16:15.755Z,USAGE,claude-4-sonnet,No,0,2449,0,2084,4533,$0.17
2026-06-04T13:18:47.728Z,USAGE,claude-4-sonnet,No,0,1235,7501,2608,11344,$0.06
2026-06-04T13:38:44.210Z,USAGE,composer-1,No,0,994,0,1362,2356,$0.04
2026-06-04T14:00:18.433Z,USAGE,claude-4-sonnet,No,1791,3726,0,2434,7951,$0.13
2026-06-04T14:49:05.760Z,USAGE,gpt-4o,No,0,7924,0,2352,10276,$0.06
2026-06-04T14:52:52.901Z,USAGE,claude-4-sonnet,No,0,739,0,119,858,$0.16
2026-06-04T15:20:11.417Z,Included,composer-1,No,0,4354,8056,1782,14192,Included
2026-06-04T15:45:13.459Z,USAGE,gpt-4o,No,0,6819,0,1276,8095,$0.02
2026-06-04T16:10:43.399Z,USAGE,gpt-4o,No,0,6382,0,2108,8490,$0.18
2026-06-04T16:57:15.599Z,USAGE,gpt-4o,No,0,3305,681,3192,7178,$0.15
2026-06-04T17:34:11.714Z,USAGE,cursor-small,No,0,6455,528,1922,8905,$0.09
2026-06-04T18:31:36.819Z,USAGE,composer-1,No,0,6653,0,939,7592,$0.12
2026-06-04T18:31:38.646Z,USAGE,gpt-4o,No,0,6729,3390,3379,13498,$0.02
2026-06-04T18:38:08.315Z,USAGE,gpt-4o,No,3083,2697,4380,2187,12347,$0.04
2026-06-04T20:18:53.726Z,Included,composer-1,No,1335,7402,0,2953,11690,Included
2026-06-04T20:26:43.523Z,USAGE,claude-4-sonnet,No,0,6537,0,1688,8225,$0.16
2026-06-04T20:35:01.762Z,Included,gpt-4o,No,0,918,0,3229,4147,Included
2026-06-04T21:21:28.350Z,Included,gpt-4o,No,0,3323,7996,1420,12739,Included
2026-06-04T21:39:24.843Z,USAGE,cursor-small,No,2077,5500,0,1547,9124,$0.03
2026-06-04T21:50:25.382Z,USAGE,claude-4-sonnet,No,0,4352,4646,1463,10461,$0.18
2026-06-05T08:07:59.899Z,USAGE,claude-4-sonnet,No,0,7835,11248,1892,20975,$0.07
2026-06-05T09:14:24.093Z,Included,claude-4-sonnet,No,0,3445,7035,1368,11848,Included
2026-06-05T09:45:06.001Z,USAGE,claude-4-sonnet,No,2661,5215,0,1247,9123,$0.01
2026-06-05T10:24:49.852Z,USAGE,composer-1,No,0,4474,6418,1290,12182,$0.02
2026-06-05T10:28:29.000Z,USAGE,composer-1,No,0,2274,9730,370,12374,$0.17
2026-06-05T10:36:54.508Z,USAGE,claude-4-sonnet,No,1784,7351,0,1803,10938,$0.12
2026-06-05T10:55:59.919Z,USAGE,claude-4-sonnet,No,0,897,1106,136,2139,$0.09
2026-06-05T10:56:41.316Z,USAGE,cursor-small,No,0,2646,0,2132,4778,$0.14
2026-06-05T11:30:04.139Z,USAGE,gpt-4o,No,0,1550,5077,403,7030,$0.17
2026-06-05T12:05:23.696Z,USAGE,cursor-small,No,2602,5496,0,2741,10839,$0.03
2026-06-05T12:05:41.377Z,USAGE,gpt-4o,No,1201,1006,0,555,2762,$0.15
2026-06-05T13:23:56.313Z,USAGE,claude-4-sonnet,No,0,1738,11598,642,13978,$0.01
2026-06-05T13:52:07.902Z,USAGE,cursor-small,No,0,6204,6092,599,12895,$0.09
2026-06-05T14:12:44.953Z,USAGE,claude-4-sonnet,No,1958,2528,4308,2997,11791,$0.03
2026-06-05T14:44:08.500Z,USAGE,gpt-4o,Yes,0,1667,4179,3247,9093,$0.04
2026-06-05T15:00:00.729Z,USAGE,composer-1,No,0,321,201,1081,1603,$0.02
2026-06-05T17:00:39.681Z,USAGE,claude-4-sonnet,No,0,7324,11698,3113,22135,$0.14
2026-06-05T17:14:33.713Z,USAGE,claude-4-sonnet,No,3583,938,0,569,5090,$0.17
2026-06-05T18:09:04.556Z,USAGE,claude-4-sonnet,No,0,676,0,362,1038,$0.15
2026-06-05T18:10:03.415Z,USAGE,composer-1,No,2070,365,4777,2389,9601,$0.10
2026-06-05T18:19:46.733Z,USAGE,claude-4-sonnet,No,0,6629,0,3080,9709,$0.18
2026-06-05T18:50:53.481Z,USAGE,claude-4-sonnet,Yes,0,2208,10419,2920,15547,$0.01
2026-06-05T19:51:06.108Z,USAGE,claude-4-sonnet,No,0,6257,3361,2250,11868,$0.08
2026-06-05T20:03:02.104Z,USAGE,cursor-small,No,1346,1062,3792,2208,8408,$0.14
2026-06-05T20:14:27.687Z,USAGE,claude-4-sonnet,No,591,4440,6461,386,11878,$0.02
2026-06-05T20:21:57.715Z,USAGE,cursor-small,No,1490,7886,0,2950,12326,$0.11
2026-06-05T20:55:08.672Z,USAGE,claude-4-sonnet,Yes,3394,6609,0,716,10719,$0.04
2026-06-06T09:34:22.807Z,USAGE,composer-1,Yes,0,2985,11651,1096,15732,$0.12
2026-06-06T10:51:43.318Z,USAGE,claude-4-sonnet,No,0,1724,6625,1932,10281,$0.18
2026-06-06T11:28:19.485Z,USAGE,claude-4-sonnet,No,0,1445,1010,3481,5936,$0.08
2026-06-06T12:54:07.094Z,Included,composer-1,No,0,5581,9602,1140,16323,Included
2026-06-06T15:29:20.426Z,USAGE,claude-4-sonnet,No,2845,3932,0,456,7233,$0.11
2026-06-07T08:29:03.176Z,USAGE,claude-4-sonnet,No,0,583,0,2607,3190,$0.08
2026-06-07T14:31:01.401Z,USAGE,gpt-4o,No,0,1018,2248,1797,5063,$0.07
2026-06-07T17:27:52.759Z,USAGE,composer-1,No,0,4753,0,1646,6399,$0.12
2026-06-07T18:27:11.371Z,USAGE,composer-1,No,0,2934,2946,186,6066,$0.11
2026-06-08T08:01:09.615Z,USAGE,claude-4-sonnet,No,0,3878,0,2075,5953,$0.11
2026-06-08T08:45:44.368Z,USAGE,cursor-small,No,0,6747,10904,2492,20143,$0.06
2026-06-08T09:54:33.902Z,USAGE,composer-1,No,207,6050,0,1683,7940,$0.02
2026-06-08T11:01:57.850Z,USAGE,claude-4-sonnet,No,0,5539,0,2112,7651,$0.05
2026-06-08T11:36:54.836Z,USAGE,claude-4-sonnet,No,2805,7552,0,3445,13802,$0.11
2026-06-08T11:38:14.020Z,USAGE,claude-4-sonnet,No,1251,6747,20,277,8295,$0.13
2026-06-08T11:42:15.279Z,USAGE,gpt-4o,No,0,7523,8946,1617,18086,$0.04
2026-06-08T11:53:51.924Z,USAGE,composer-1,No,0,2147,1207,3353,6707,$0.02
2026-06-08T13:04:23.738Z,USAGE,claude-4-sonnet,No,896,7573,11992,387,20848,$0.18
2026-06-08T13:45:11.963Z,USAGE,cursor-small,No,0,7617,507,1846,9970,$0.06
2026-06-08T14:22:59.879Z,USAGE,gpt-4o,Yes,978,3652,0,3037,7667,$0.18
2026-06-08T15:02:05.058Z,USAGE,claude-4-sonnet,No,2541,4802,0,709,8052,$0.02
2026-06-08T15:33:22.804Z,USAGE,gpt-4o,No,0,5216,1589,185,6990,$0.07
2026-06-08T15:34:19.184Z,USAGE,claude-4-sonnet,No,0,2826,0,2008,4834,$0.16
2026-06-08T16:30:00.347Z,USAGE,claude-4-sonnet,No,0,3339,0,1593,4932,$0.06
2026-06-08T16:52:50.961Z,USAGE,claude-4-sonnet,No,1300,4922,11410,2813,20445,$0.04
2026-06-08T17:12:51.136Z,Included,claude-4-sonnet,No,0,5131,999,1665,7795,Included
2026-06-08T17:14:10.104Z,USAGE,gpt-4o,No,0,4189,0,1045,5234,$0.16
2026-06-08T17:20:51.773Z,USAGE,claude-4-sonnet,No,2539,7676,9363,2855,22433,$0.05
2026-06-08T17:36:09.590Z,Included,composer-1,No,0,2035,0,596,2631,Included
2026-06-08T18:25:37.105Z,Included,claude-4-sonnet,No,3569,5438,9749,1136,19892,Included
2026-06-08T19:03:48.993Z,USAGE,composer-1,No,2478,3555,0,1211,7244,$0.17
2026-06-08T19:22:58.620Z,USAGE,cursor-small,No,0,4580,0,540,5120,$0.14
2026-06-08T19:58:09.811Z,Included,gpt-4o,No,0,1120,0,2384,3504,Included
2026-06-08T20:17:03.847Z,USAGE,composer-1,No,0,7491,6275,2762,16528,$0.16
2026-06-08T20:54:55.339Z,USAGE,gpt-4o,No,0,5364,0,2921,8285,$0.13
2026-06-08T21:11:11.248Z,Included,cursor-small,No,3254,4192,0,1605,9051,Included
2026-06-09T08:29:03.962Z,USAGE,gpt-4o,No,0,5880,6102,2082,14064,$0.15
2026-06-09T08:32:50.166Z,USAGE,cursor-small,No,869,7162,0,3147,11178,$0.03
2026-06-09T09:19:45.531Z,USAGE,claude-4-sonnet,No,0,2055,0,2731,4786,$0.08
2026-06-09T10:12:56.873Z,USAGE,claude-4-sonnet,No,3396,6587,0,2021,12004,$0.05
2026-06-09T11:53:03.261Z,USAGE,gpt-4o,Yes,3497,2802,0,2985,9284,$0.09
2026-06-09T12:17:53.515Z,USAGE,claude-4-sonnet,No,2111,2775,0,3456,8342,$0.13
2026-06-09T13:17:46.437Z,USAGE,claude-4-sonnet,No,0,7176,10606,2512,20294,$0.10
2026-06-09T13:45:12.287Z,USAGE,claude-4-sonnet,Yes,0,5547,4536,1149,11232,$0.10
2026-06-09T13:52:50.317Z,USAGE,gpt-4o,No,3711,6872,0,1735,12318,$0.11
2026-06-09T14:08:49.892Z,USAGE,composer-1,No,0,2425,0,1737,4162,$0.13
2026-06-09T14:47:31.796Z,USAGE,gpt-4o,No,0,3111,0,990,4101,$0.18
2026-06-09T15:13:58.863Z,USAGE,gpt-4o,No,0,2759,0,2773,5532,$0.18
2026-06-09T16:55:23.860Z,USAGE,claude-4-sonnet,No,3510,4879,0,829,9218,$0.11
2026-06-09T16:56:36.030Z,USAGE,claude-4-sonnet,No,0,3744,0,1437,5181,$0.12
2026-06-09T17:41:05.197Z,USAGE,claude-4-sonnet,No,0,7397,0,2456,9853,$0.03
2026-06-09T19:28:49.865Z,USAGE,claude-4-sonnet,No,0,4640,885,697,6222,$0.05
2026-06-09T21:14:08.315Z,USAGE,claude-4-sonnet,No,0,4048,11725,818,16591,$0.03
2026-06-09T21:44:43.102Z,USAGE,gpt-4o,No,0,338,3430,3197,6965,$0.06
2026-06-10T08:02:34.209Z,USAGE,claude-4-sonnet,No,0,1554,11235,2661,15450,$0.01
2026-06-10T08:03:44.121Z,USAGE,composer-1,No,2680,6040,1718,2175,12613,$0.04
2026-06-10T08:37:32.177Z,USAGE,composer-1,No,0,6673,8571,906,16150,$0.12
2026-06-10T09:23:45.682Z,USAGE,claude-4-sonnet,Yes,0,2001,0,2048,4049,$0.11
2026-06-10T10:06:24.527Z,USAGE,claude-4-sonnet,No,2551,5780,1475,3272,13078,$0.17
2026-06-10T10:58:58.851Z,Included,composer-1,No,0,4041,0,1292,5333,Included
2026-06-10T11:01:43.004Z,USAGE,claude-4-sonnet,No,0,7281,11088,1360,19729,$0.14
2026-06-10T12:29:46.545Z,USAGE,claude-4-sonnet,No,3689,1433,0,778,5900,$0.11
2026-06-10T13:48:53.556Z,USAGE,gpt-4o,No,0,1061,5615,829,7505,$0.04
2026-06-10T14:01:14.235Z,USAGE,cursor-small,No,0,7268,6909,2737,16914,$0.06
2026-06-10T14:27:30.401Z,Included,composer-1,Yes,0,1605,9678,2057,13340,Included
2026-06-10T15:22:48.197Z,USAGE,composer-1,No,0,3237,0,2883,6120,$0.05
2026-06-10T17:03:38.050Z,USAGE,gpt-4o,No,0,818,5148,130,6096,$0.17
2026-06-10T17:19:10.068Z,USAGE,gpt-4o,No,0,5787,0,2206,7993,$0.17
2026-06-10T17:27:40.450Z,USAGE,gpt-4o,No,0,4247,11080,2707,18034,$0.13
2026-06-10T17:33:21.454Z,Included,composer-1,No,0,395,0,722,1117,Included
2026-06-10T18:06:41.876Z,USAGE,gpt-4o,No,3277,4327,5421,1219,14244,$0.02
2026-06-10T18:08:21.945Z,USAGE,gpt-4o,No,0,945,9388,1915,12248,$0.03
2026-06-10T18:16:49.560Z,USAGE,gpt-4o,No,0,5652,6609,1768,14029,$0.02
2026-06-10T18:46:15.237Z,USAGE,claude-4-sonnet,No,0,5371,0,2162,7533,$0.18
2026-06-10T19:08:13.769Z,USAGE,composer-1,No,0,744,0,1941,2685,$0.11
2026-06-10T19:23:00.935Z,USAGE,gpt-4o,No,0,6164,1596,3190,10950,$0.08
2026-06-10T19:56:22.327Z,Included,claude-4-sonnet,No,0,4786,11503,515,16804,Included
2026-06-10T20:02:24.919Z,Included,claude-4-sonnet,No,0,6211,4166,2582,12959,Included
2026-06-10T20:10:31.823Z,USAGE,claude-4-sonnet,No,3577,6701,5536,521,16335,$0.14
2026-06-10T20:49:05.135Z,Included,gpt-4o,No,3852,3990,9655,2145,19642,Included
2026-06-10T21:02:19.994Z,Included,gpt-4o,No,1972,7171,0,2162,11305,Included
2026-06-11T08:22:52.474Z,USAGE,cursor-small,No,0,2246,11405,1258,14909,$0.02
2026-06-11T08:42:03.209Z,USAGE,claude-4-sonnet,No,0,2861,0,300,3161,$0.01
2026-06-11T09:01:24.152Z,USAGE,claude-4-sonnet,No,0,3929,0,2675,6604,$0.12
2026-06-11T09:39:55.708Z,USAGE,gpt-4o,No,0,1885,2906,2876,7667,$0.03
2026-06-11T10:08:26.631Z,USAGE,claude-4-sonnet,No,0,3810,4329,612,8751,$0.06
2026-06-11T10:44:37.182Z,USAGE,claude-4-sonnet,No,0,1568,5285,2524,9377,$0.02
2026-06-11T10:45:41.186Z,USAGE,gpt-4o,No,3435,4991,0,378,8804,$0.11
2026-06-11T11:39:45.304Z,USAGE,cursor-small,No,0,1605,8798,1732,12135,$0.03
2026-06-11T12:13:48.567Z,USAGE,cursor-small,No,1402,2089,0,2612,6103,$0.17
2026-06-11T12:43:16.153Z,USAGE,gpt-4o,No,0,1239,0,1905,3144,$0.08
2026-06-11T12:48:50.168Z,USAGE,gpt-4o,No,0,5891,0,1642,7533,$0.04
2026-06-11T12:53:44.574Z,USAGE,gpt-4o,No,0,7034,0,2186,9220,$0.17
2026-06-11T13:18:28.843Z,USAGE,claude-4-sonnet,No,2304,974,0,765,4043,$0.18
2026-06-11T13:32:56.403Z,USAGE,gpt-4o,No,0,2046,0,1817,3863,$0.04
2026-06-11T13:35:30.611Z,USAGE,composer-1,No,0,3865,0,375,4240,$0.05
2026-06-11T13:45:07.797Z,Included,composer-1,Yes,929,6806,1154,2435,11324,Included
2026-06-11T14:38:58.726Z,USAGE,cursor-small,No,0,3613,276,1675,5564,$0.04
2026-06-11T14:42:38.635Z,USAGE,gpt-4o,No,0,5097,1189,1545,7831,$0.17
2026-06-11T14:51:00.548Z,Included,composer-1,No,3334,7891,6473,3447,21145,Included
2026-06-11T16:18:56.888Z,USAGE,gpt-4o,No,1801,6827,0,2315,10943,$0.10
2026-06-11T16:34:44.667Z,USAGE,claude-4-sonnet,No,0,6812,0,2733,9545,$0.12
2026-06-11T16:40:13.210Z,USAGE,claude-4-sonnet,No,371,341,0,1694,2406,$0.18
2026-06-11T17:42:45.437Z,USAGE,claude-4-sonnet,No,0,6246,6760,2725,15731,$0.17
2026-06-11T18:22:58.705Z,Included,claude-4-sonnet,No,669,1785,0,2403,4857,Included
2026-06-11T18:47:57.882Z,USAGE,cursor-small,No,0,4078,0,379,4457,$0.10
2026-06-11T19:52:08.108Z,USAGE,claude-4-sonnet,No,0,3010,10998,2764,16772,$0.08
2026-06-11T19:56:47.537Z,Included,gpt-4o,No,2045,2989,0,1332,6366,Included
2026-06-11T20:15:17.417Z,USAGE,claude-4-sonnet,No,0,3808,5131,1088,10027,$0.08
2026-06-11T21:03:44.822Z,USAGE,gpt-4o,No,0,5867,0,2045,7912,$0.15
2026-06-11T21:20:45.772Z,USAGE,composer-1,No,2844,5269,4597,3465,16175,$0.05
2026-06-12T08:35:16.569Z,USAGE,cursor-small,Yes,0,3903,1263,2187,7353,$0.09
2026-06-12T08:52:37.607Z,USAGE,claude-4-sonnet,No,0,1269,0,1778,3047,$0.11
2026-06-12T08:54:32.662Z,USAGE,gpt-4o,No,860,5602,0,171,6633,$0.08
2026-06-12T10:23:25.234Z,Included,gpt-4o,No,0,621,0,681,1302,Included
2026-06-12T10:48:32.147Z,Included,claude-4-sonnet,No,0,5209,0,2691,7900,Included
2026-06-12T11:33:25.370Z,Included,composer-1,No,551,2074,7723,2052,12400,Included
2026-06-12T11:33:58.829Z,USAGE,composer-1,No,0,7021,0,2632,9653,$0.17
2026-06-12T12:08:29.525Z,USAGE,composer-1,No,0,5138,6196,1658,12992,$0.05
2026-06-12T13:02:14.798Z,Included,claude-4-sonnet,No,0,3738,0,2560,6298,Included
2026-06-12T13:14:02.701Z,Included,gpt-4o,No,3410,4653,1925,461,10449,Included
2026-06-12T13:24:30.962Z,USAGE,claude-4-sonnet,No,0,7647,0,2859,10506,$0.14
2026-06-12T14:49:37.223Z,USAGE,claude-4-sonnet,Yes,0,2179,0,2054,4233,$0.13
2026-06-12T15:10:11.593Z,USAGE,composer-1,No,0,5019,2193,1122,8334,$0.16
2026-06-12T15:14:04.277Z,USAGE,cursor-small,No,0,4754,3096,102,7952,$0.01
2026-06-12T15:56:02.041Z,USAGE,claude-4-sonnet,Yes,0,5934,0,1754,7688,$0.12
2026-06-12T16:00:42.250Z,Included,gpt-4o,No,2395,3769,0,2586,8750,Included
2026-06-12T16:05:25.381Z,USAGE,composer-1,No,0,6720,0,812,7532,$0.12
2026-06-12T16:12:16.769Z,USAGE,gpt-4o,No,0,6642,0,3093,9735,$0.05
2026-06-12T16:16:24.951Z,USAGE,composer-1,No,0,6028,0,490,6518,$0.07
2026-06-12T16:30:41.812Z,USAGE,composer-1,No,0,5907,0,738,6645,$0.13
2026-06-12T16:36:11.394Z,USAGE,claude-4-sonnet,No,3992,5217,1049,1157,11415,$0.08
2026-06-12T16:40:53.286Z,USAGE,gpt-4o,No,0,3582,0,2214,5796,$0.10
2026-06-12T17:42:55.153Z,USAGE,gpt-4o,No,0,5545,175,906,6626,$0.17
2026-06-12T18:04:46.079Z,USAGE,claude-4-sonnet,No,0,2197,0,2840,5037,$0.02
2026-06-12T18:20:06.737Z,USAGE,composer-1,No,1330,6687,10971,1698,20686,$0.13
2026-06-12T18:24:23.616Z,USAGE,gpt-4o,No,569,4802,9160,2467,16998,$0.12
2026-06-12T18:57:53.081Z,USAGE,composer-1,No,0,4025,0,2434,6459,$0.01
2026-06-12T19:46:30.984Z,USAGE,gpt-4o,No,1405,3085,0,3368,7858,$0.17
2026-06-12T20:37:46.898Z,USAGE,cursor-small,No,0,5986,6178,2386,14550,$0.16
2026-06-12T21:47:16.606Z,USAGE,composer-1,No,0,4074,0,192,4266,$0.16
2026-06-12T21:51:39.717Z,Included,claude-4-sonnet,No,0,5845,0,3357,9202,Included
2026-06-12T21:55:22.510Z,USAGE,cursor-small,No,3608,2457,1523,1714,9302,$0.11
2026-06-13T13:22:13.937Z,USAGE,composer-1,No,1287,1993,4091,2613,9984,$0.12
2026-06-13T16:59:11.499Z,USAGE,claude-4-sonnet,No,0,5734,108,3210,9052,$0.18
2026-06-13T17:17:11.993Z,USAGE,composer-1,No,3878,7517,0,1205,12600,$0.16
2026-06-13T19:43:59.954Z,USAGE,composer-1,No,0,6445,0,301,6746,$0.17
2026-06-14T09:20:23.642Z,USAGE,claude-4-sonnet,No,0,7298,7384,816,15498,$0.05
2026-06-14T09:44:33.482Z,USAGE,composer-1,No,0,6887,7081,1640,15608,$0.07
2026-06-14T12:15:17.494Z,Included,cursor-small,No,0,1746,2203,2663,6612,Included
2026-06-14T13:44:00.012Z,USAGE,composer-1,No,2502,7332,0,1711,11545,$0.04
2026-06-14T14:30:34.034Z,USAGE,claude-4-sonnet,No,0,5459,5483,1144,12086,$0.12
2026-06-14T16:22:25.902Z,USAGE,gpt-4o,No,1886,1293,11134,2560,16873,$0.07
2026-06-14T17:21:23.192Z,USAGE,gpt-4o,No,0,2631,11029,2170,15830,$0.16
2026-06-14T18:13:24.609Z,USAGE,gpt-4o,Yes,0,4099,0,673,4772,$0.06
2026-06-14T18:49:11.479Z,USAGE,cursor-small,No,0,3615,0,372,3987,$0.03
2026-06-14T21:16:11.575Z,USAGE,claude-4-sonnet,No,1295,5259,0,1191,7745,$0.15
2026-06-15T08:44:59.515Z,USAGE,gpt-4o,Yes,0,2699,0,3343,6042,$0.01
2026-06-15T09:04:59.921Z,USAGE,claude-4-sonnet,No,0,2347,10583,1676,14606,$0.13
2026-06-15T09:06:16.648Z,USAGE,claude-4-sonnet,No,0,6853,0,3387,10240,$0.09
2026-06-15T10:01:02.695Z,USAGE,composer-1,No,0,7291,2238,1266,10795,$0.04
2026-06-15T10:05:41.976Z,USAGE,gpt-4o,No,0,1838,2492,283,4613,$0.18
2026-06-15T10:08:33.879Z,Included,cursor-small,No,1995,6256,1477,697,10425,Included
2026-06-15T10:37:38.478Z,Included,claude-4-sonnet,No,0,4382,0,1979,6361,Included
2026-06-15T10:54:01.131Z,USAGE,claude-4-sonnet,No,0,1496,6429,372,8297,$0.18
2026-06-15T11:10:25.108Z,USAGE,claude-4-sonnet,No,0,7085,11709,1099,19893,$0.13
2026-06-15T12:00:00.548Z,USAGE,gpt-4o,No,2087,6323,0,2214,10624,$0.07
2026-06-15T13:18:30.561Z,USAGE,composer-1,No,2777,6265,9004,2213,20259,$0.04
2026-06-15T13:26:16.163Z,USAGE,gpt-4o,No,0,7375,0,542,7917,$0.08
2026-06-15T13:30:34.238Z,USAGE,claude-4-sonnet,No,690,3542,0,116,4348,$0.02
2026-06-15T13:55:58.340Z,USAGE,composer-1,No,3357,1033,8190,454,13034,$0.11
2026-06-15T14:19:14.259Z,USAGE,cursor-small,No,2840,1560,0,3321,7721,$0.04
2026-06-15T15:08:44.565Z,Included,claude-4-sonnet,No,0,6498,7187,3083,16768,Included
2026-06-15T15:35:03.027Z,USAGE,composer-1,No,3880,623,7168,2369,14040,$0.10
2026-06-15T16:28:26.175Z,USAGE,gpt-4o,No,0,2951,0,1207,4158,$0.18
2026-06-15T16:59:17.575Z,USAGE,gpt-4o,No,0,4736,11,3258,8005,$0.17
2026-06-15T17:27:33.670Z,USAGE,claude-4-sonnet,Yes,0,6657,0,1393,8050,$0.03
2026-06-15T18:34:19.953Z,USAGE,gpt-4o,No,0,4375,0,711,5086,$0.10
2026-06-15T18:47:40.919Z,USAGE,gpt-4o,No,0,846,2126,811,3783,$0.02
2026-06-15T19:15:42.263Z,USAGE,gpt-4o,No,0,7150,8026,2233,17409,$0.09
2026-06-15T19:18:28.656Z,Included,claude-4-sonnet,No,3972,2009,0,3488,9469,Included
2026-06-15T19:44:47.083Z,Included,composer-1,Yes,0,7986,0,3447,11433,Included
2026-06-15T20:05:28.322Z,USAGE,composer-1,No,366,6315,4979,399,12059,$0.07
2026-06-15T20:25:33.802Z,USAGE,claude-4-sonnet,No,0,1852,10762,1098,13712,$0.06
2026-06-15T21:23:47.615Z,USAGE,gpt-4o,No,0,5023,7515,2957,15495,$0.14
2026-06-15T21:30:29.913Z,USAGE,claude-4-sonnet,No,0,3064,0,2266,5330,$0.15
2026-06-15T21:48:54.142Z,USAGE,cursor-small,No,0,7221,10375,1843,19439,$0.11
2026-06-16T08:18:38.017Z,USAGE,claude-4-sonnet,No,2411,4927,8231,2938,18507,$0.08
2026-06-16T08:19:14.225Z,USAGE,composer-1,No,0,6467,0,2147,8614,$0.03
2026-06-16T08:46:51.604Z,USAGE,claude-4-sonnet,No,538,4198,0,281,5017,$0.18
2026-06-16T09:38:41.314Z,USAGE,claude-4-sonnet,No,0,1368,0,2049,3417,$0.18
2026-06-16T09:46:20.831Z,USAGE,claude-4-sonnet,No,0,6326,3970,373,10669,$0.09
2026-06-16T11:14:16.850Z,USAGE,claude-4-sonnet,No,2951,3688,5706,860,13205,$0.11
2026-06-16T11:36:34.224Z,USAGE,composer-1,No,1632,5348,0,3368,10348,$0.15
2026-06-16T11:47:41.890Z,USAGE,gpt-4o,No,3007,3362,11935,431,18735,$0.04
2026-06-16T12:05:36.419Z,USAGE,claude-4-sonnet,No,3609,7018,5624,2921,19172,$0.04
2026-06-16T12:23:56.610Z,USAGE,gpt-4o,No,0,2035,8573,3153,13761,$0.09
2026-06-16T14:05:49.058Z,USAGE,gpt-4o,No,0,5774,9551,2797,18122,$0.17
2026-06-16T14:49:35.971Z,Included,claude-4-sonnet,No,0,5362,7617,2761,15740,Included
2026-06-16T15:11:31.865Z,USAGE,claude-4-sonnet,No,0,7778,0,521,8299,$0.01
2026-06-16T15:22:09.145Z,USAGE,cursor-small,No,0,4465,0,487,4952,$0.11
2026-06-16T15:25:00.761Z,USAGE,gpt-4o,No,2075,4893,0,168,7136,$0.02
2026-06-16T16:08:56.316Z,USAGE,gpt-4o,No,0,1586,11211,1521,14318,$0.12
2026-06-16T16:32:35.598Z,USAGE,claude-4-sonnet,No,0,6951,4221,1665,12837,$0.01
2026-06-16T17:09:06.039Z,USAGE,cursor-small,No,1809,5681,11958,1645,21093,$0.17
2026-06-16T17:58:13.769Z,USAGE,gpt-4o,No,1184,4993,5118,2559,13854,$0.11
2026-06-16T17:59:00.664Z,USAGE,claude-4-sonnet,No,0,5903,0,645,6548,$0.10
2026-06-16T19:16:23.474Z,USAGE,cursor-small,No,0,7746,0,674,8420,$0.06
2026-06-16T19:44:36.859Z,USAGE,gpt-4o,No,1500,7177,0,3058,11735,$0.01
2026-06-16T20:21:22.922Z,USAGE,cursor-small,No,0,3929,0,3445,7374,$0.09
2026-06-16T21:07:55.807Z,USAGE,claude-4-sonnet,No,2706,5354,9290,2588,19938,$0.08
2026-06-16T21:20:01.809Z,USAGE,claude-4-sonnet,Yes,3394,4204,9907,2000,19505,$0.12
2026-06-16T21:27:26.975Z,USAGE,claude-4-sonnet,No,1126,564,245,1185,3120,$0.14
2026-06-16T21:44:52.289Z,USAGE,composer-1,No,925,7894,0,1879,10698,$0.16
2026-06-17T08:38:47.864Z,USAGE,gpt-4o,No,0,3417,2799,1452,7668,$0.05
2026-06-17T08:44:33.947Z,USAGE,claude-4-sonnet,No,1461,2835,0,1907,6203,$0.10
2026-06-17T08:56:15.543Z,USAGE,claude-4-sonnet,No,2750,6570,7514,2118,18952,$0.16
2026-06-17T09:05:07.740Z,USAGE,claude-4-sonnet,No,2611,5702,6719,1889,16921,$0.03
2026-06-17T09:11:49.613Z,USAGE,claude-4-sonnet,No,2774,4867,0,930,8571,$0.02
2026-06-17T09:28:29.867Z,USAGE,claude-4-sonnet,No,332,5764,0,2551,8647,$0.10
2026-06-17T10:27:18.642Z,USAGE,claude-4-sonnet,No,0,1621,0,2583,4204,$0.18
2026-06-17T10:29:37.940Z,USAGE,gpt-4o,No,0,1062,0,1402,2464,$0.12
2026-06-17T10:29:53.677Z,USAGE,composer-1,No,0,831,2204,579,3614,$0.09
2026-06-17T11:27:25.813Z,USAGE,gpt-4o,No,438,1195,0,2656,4289,$0.17
2026-06-17T13:55:29.930Z,USAGE,gpt-4o,No,0,6090,9975,1376,17441,$0.09
2026-06-17T14:20:28.026Z,USAGE,cursor-small,No,2504,4366,10352,2118,19340,$0.16
2026-06-17T14:46:20.413Z,USAGE,cursor-small,No,992,312,7616,2641,11561,$0.04
2026-06-17T15:05:16.339Z,USAGE,claude-4-sonnet,No,0,672,9181,3381,13234,$0.07
2026-06-17T15:05:46.524Z,Included,claude-4-sonnet,No,0,2821,9011,1406,13238,Included
2026-06-17T15:25:56.319Z,USAGE,claude-4-sonnet,No,0,4960,0,199,5159,$0.06
2026-06-17T15:40:23.089Z,USAGE,composer-1,No,0,4187,0,2724,6911,$0.05
2026-06-17T16:24:33.802Z,USAGE,gpt-4o,No,0,3045,6782,3121,12948,$0.02
2026-06-17T16:25:47.041Z,USAGE,claude-4-sonnet,No,2394,453,11231,1438,15516,$0.12
2026-06-17T16:33:41.918Z,Included,claude-4-sonnet,No,1736,5432,2719,2418,12305,Included
2026-06-17T16:45:24.762Z,USAGE,claude-4-sonnet,No,0,2825,0,1368,4193,$0.02
2026-06-17T17:47:36.622Z,USAGE,claude-4-sonnet,No,0,7094,0,965,8059,$0.17
2026-06-17T18:03:12.305Z,USAGE,claude-4-sonnet,No,0,7782,8290,182,16254,$0.16
2026-06-17T19:34:08.412Z,USAGE,claude-4-sonnet,No,0,7458,5363,666,13487,$0.04
2026-06-17T19:41:58.746Z,USAGE,cursor-small,No,3167,599,11692,2219,17677,$0.04
2026-06-17T19:50:02.545Z,Included,cursor-small,No,0,1013,755,502,2270,Included
2026-06-17T19:57:12.925Z,USAGE,composer-1,No,0,2857,0,939,3796,$0.11
2026-06-17T20:10:45.768Z,USAGE,claude-4-sonnet,No,0,5797,2446,725,8968,$0.09
2026-06-17T20:52:18.483Z,Included,cursor-small,No,2422,3169,4440,659,10690,Included
2026-06-18T08:05:27.410Z,USAGE,gpt-4o,No,851,4251,5582,932,11616,$0.14
2026-06-18T09:20:35.680Z,USAGE,gpt-4o,No,0,2234,10970,399,13603,$0.16
2026-06-18T09:30:07.368Z,Included,gpt-4o,No,2023,1743,6648,365,10779,Included
2026-06-18T09:50:19.558Z,USAGE,composer-1,No,0,2982,10816,331,14129,$0.03
2026-06-18T09:52:51.964Z,USAGE,claude-4-sonnet,No,0,6934,2403,2786,12123,$0.05
2026-06-18T10:01:30.947Z,USAGE,claude-4-sonnet,No,0,1984,0,1376,3360,$0.10
2026-06-18T10:04:19.643Z,USAGE,cursor-small,No,0,3861,0,1490,5351,$0.03
2026-06-18T10:45:38.934Z,USAGE,gpt-4o,No,0,7283,6049,2328,15660,$0.02
2026-06-18T11:09:55.939Z,Included,gpt-4o,No,1355,7391,7073,2956,18775,Included
2026-06-18T12:21:52.207Z,USAGE,gpt-4o,No,0,3865,10854,790,15509,$0.16
2026-06-18T12:43:41.744Z,Included,gpt-4o,No,0,3717,10978,594,15289,Included
2026-06-18T12:49:22.633Z,Included,claude-4-sonnet,Yes,0,4287,0,636,4923,Included
2026-06-18T13:29:31.031Z,Included,gpt-4o,No,0,6762,0,1823,8585,Included
2026-06-18T13:34:28.053Z,USAGE,gpt-4o,No,0,3451,3044,1819,8314,$0.01
2026-06-18T14:11:44.961Z,USAGE,composer-1,No,0,3665,0,2440,6105,$0.12
2026-06-18T14:52:45.835Z,Included,claude-4-sonnet,No,0,5053,11313,407,16773,Included
2026-06-18T15:29:54.179Z,Included,composer-1,No,0,6680,8469,400,15549,Included
2026-06-18T16:05:59.792Z,USAGE,gpt-4o,No,0,5737,0,399,6136,$0.18
2026-06-18T17:08:32.107Z,USAGE,claude-4-sonnet,Yes,3388,388,8399,2001,14176,$0.11
2026-06-18T17:16:58.381Z,USAGE,cursor-small,No,344,5993,0,3149,9486,$0.10
2026-06-18T17:40:53.723Z,USAGE,gpt-4o,Yes,0,1685,0,2768,4453,$0.10
2026-06-18T18:03:06.402Z,USAGE,gpt-4o,No,2270,929,0,1218,4417,$0.09
2026-06-18T18:21:50.902Z,Included,claude-4-sonnet,No,656,5246,9695,3106,18703,Included
2026-06-18T19:28:39.372Z,USAGE,gpt-4o,No,3070,2234,8640,215,14159,$0.11
2026-06-18T19:29:06.477Z,USAGE,cursor-small,No,0,7161,6765,3235,17161,$0.13
2026-06-18T19:48:42.848Z,USAGE,gpt-4o,No,3207,7196,10522,1162,22087,$0.04
2026-06-18T20:18:36.256Z,Included,gpt-4o,No,0,6463,0,1037,7500,Included
2026-06-18T20:29:30.242Z,USAGE,composer-1,No,3764,3861,7353,1644,16622,$0.11
2026-06-18T20:29:36.138Z,USAGE,composer-1,Yes,0,5521,7074,2580,15175,$0.09
2026-06-19T08:39:05.059Z,USAGE,composer-1,No,1791,3025,0,1137,5953,$0.09
2026-06-19T09:33:06.718Z,USAGE,claude-4-sonnet,No,1808,1761,0,524,4093,$0.05
2026-06-19T11:38:40.127Z,USAGE,gpt-4o,No,2008,6160,571,378,9117,$0.03
2026-06-19T11:46:43.617Z,USAGE,claude-4-sonnet,No,0,1519,0,83,1602,$0.02
2026-06-19T12:16:12.035Z,USAGE,claude-4-sonnet,No,0,5007,11593,3237,19837,$0.16
2026-06-19T12:17:51.103Z,USAGE,gpt-4o,No,0,874,54,1654,2582,$0.16
2026-06-19T12:41:37.410Z,Included,gpt-4o,No,1440,3581,10601,451,16073,Included
2026-06-19T15:22:14.760Z,USAGE,cursor-small,No,0,6529,0,2733,9262,$0.07
2026-06-19T15:42:59.079Z,USAGE,claude-4-sonnet,No,3050,3495,0,2663,9208,$0.12
2026-06-19T15:49:43.785Z,USAGE,cursor-small,No,346,1881,9714,1056,12997,$0.16
2026-06-19T16:00:43.008Z,USAGE,composer-1,No,0,7134,0,147,7281,$0.02
2026-06-19T17:08:24.688Z,USAGE,claude-4-sonnet,No,0,2034,0,2813,4847,$0.17
2026-06-19T17:42:57.876Z,USAGE,composer-1,No,2573,2208,0,231,5012,$0.05
2026-06-19T18:29:59.289Z,USAGE,claude-4-sonnet,No,0,2288,0,614,2902,$0.01
2026-06-19T18:44:11.328Z,USAGE,claude-4-sonnet,No,0,4037,0,2500,6537,$0.03
2026-06-19T18:49:49.339Z,USAGE,claude-4-sonnet,No,0,2106,3320,1825,7251,$0.11
2026-06-19T19:07:05.898Z,USAGE,cursor-small,No,3002,5018,5268,3328,16616,$0.07
2026-06-19T19:11:16.308Z,USAGE,gpt-4o,No,778,6505,11408,1595,20286,$0.18
2026-06-19T20:11:57.116Z,USAGE,claude-4-sonnet,No,3440,7241,0,1620,12301,$0.06
2026-06-19T20:12:33.353Z,Included,gpt-4o,Yes,565,6089,0,1242,7896,Included
2026-06-19T20:27:44.947Z,USAGE,composer-1,No,0,1988,4439,2222,8649,$0.15
2026-06-19T20:57:41.593Z,USAGE,cursor-small,No,937,6175,1442,2648,11202,$0.10
2026-06-19T21:04:00.431Z,USAGE,claude-4-sonnet,No,2371,1083,0,3197,6651,$0.18
2026-06-20T08:03:41.381Z,USAGE,claude-4-sonnet,No,0,1740,476,2066,4282,$0.17
2026-06-20T11:07:50.156Z,Included,cursor-small,No,0,2970,11089,1414,15473,Included
2026-06-20T11:29:49.656Z,USAGE,claude-4-sonnet,No,1889,7426,3615,381,13311,$0.16
2026-06-20T12:13:27.263Z,USAGE,claude-4-sonnet,No,2696,4027,6119,638,13480,$0.15
2026-06-20T13:39:51.933Z,USAGE,gpt-4o,No,721,562,0,324,1607,$0.09
2026-06-20T15:11:10.702Z,Included,cursor-small,No,1607,2101,0,2552,6260,Included
2026-06-20T18:13:17.055Z,USAGE,composer-1,No,0,5035,0,1020,6055,$0.03
2026-06-20T18:54:58.497Z,USAGE,gpt-4o,No,2139,7156,237,3070,12602,$0.14
2026-06-21T08:26:02.042Z,Included,composer-1,No,1411,2258,0,451,4120,Included
2026-06-21T08:27:33.413Z,Included,composer-1,No,0,4972,0,179,5151,Included
2026-06-21T11:05:35.789Z,USAGE,gpt-4o,No,0,1815,0,1597,3412,$0.15
2026-06-21T14:37:14.935Z,USAGE,claude-4-sonnet,No,0,5958,535,1294,7787,$0.14
2026-06-21T15:46:49.528Z,USAGE,composer-1,No,0,1996,0,411,2407,$0.11
2026-06-21T15:51:51.730Z,USAGE,claude-4-sonnet,No,0,7574,6274,1577,15425,$0.15
2026-06-21T17:09:58.601Z,USAGE,claude-4-sonnet,No,0,848,0,3248,4096,$0.07
2026-06-21T21:06:28.519Z,Included,claude-4-sonnet,No,0,6340,0,2456,8796,Included
2026-06-21T21:15:15.343Z,USAGE,composer-1,No,0,2925,4380,2142,9447,$0.14
